CustomerID,Age,AnnualIncome (USD),TotalPurchases,PreferredCategory_Appliances,PreferredCategory_Electronics,Gender_Female,Gender_Male,MaritalStatus_Divorced,MaritalStatus_Married,MaritalStatus_Single
1001,33.0,0.0737446259214611,8.00728663083406e-05,0,1,0,1,0,1,0
1002,28.0,0.031072041989822594,5.004554144271286e-05,1,0,1,0,0,0,1
1003,42.0,0.052408333955641845,0.00010009108288542574,0,1,0,1,0,0,1
1004,51.0,0.10574906387019,2.0018216577085147e-05,0,1,1,0,0,1,0
1005,37.0,0.05880922154538763,0.0,1,0,0,1,1,0,0
1008,42.0,0.5484813894193328,0.3362960293867419,0,1,1,0,0,1,0
1009,54.0,0.370843957028708,0.7524847611326306,0,1,0,1,0,1,0
1010,50.0,0.823128540490948,0.8982874415718304,1,0,0,1,0,0,1
1011,77.0,0.4972145470838623,0.0748581208900099,1,0,0,1,0,0,1
1012,51.0,0.09696064520946905,0.8924921678727642,0,1,1,0,1,0,0
1013,71.0,0.26046918506032835,0.9049935441251539,1,0,0,1,0,1,0
1014,100.0,0.14624747965051155,0.3613688456495411,1,0,0,1,0,0,1
1015,27.0,0.7473292296531785,0.4688466504519112,1,0,1,0,0,0,1
1016,13.0,0.11612276902397133,0.5621415488094166,0,1,0,1,0,0,1
1017,27.0,0.4907176461802703,0.7978360307880171,1,0,0,1,0,1,0
1018,12.0,0.6260281425691028,0.2940275650842266,1,0,1,0,0,0,1
1019,49.0,0.25138632557047913,0.28438879380236015,1,0,0,1,0,1,0
1020,19.0,0.9321036517063699,0.46548359006696094,1,0,0,1,0,1,0
1021,80.0,0.28966363335715883,0.9134112041958182,1,0,1,0,1,0,0
1022,93.0,0.9220393227860929,0.18812119028315769,0,1,1,0,0,1,0
1023,89.0,0.9258521181603848,0.8122491467235183,0,1,1,0,0,1,0
1024,27.0,0.2377780385546796,0.4642024242060275,1,0,0,1,0,0,1
1025,86.0,0.32149311371176803,0.8803411104104735,0,1,0,1,1,0,0
1026,21.0,0.7410179544896891,0.7003473160576124,1,0,0,1,0,0,1
1027,44.0,0.8228575695829821,0.035652443723788646,0,1,0,1,0,0,1
1028,32.0,0.43278534623467785,0.14054789858771483,1,0,1,0,0,1,0
1029,27.0,0.7846869432561314,0.18743056181124823,0,1,0,1,0,1,0
1030,58.0,0.6006998303764788,0.8584511905834309,0,1,1,0,0,0,1
1031,28.0,0.033628129767327736,0.15161797235484292,0,1,0,1,0,0,1
1032,98.0,0.8082358086988062,0.27567086048303957,0,1,1,0,0,0,1
1033,61.0,0.5592007425029604,0.9487033200212193,1,0,1,0,1,0,0
1034,93.0,0.2181166455081771,0.06418841145442351,1,0,1,0,0,1,0
1035,93.0,0.08132967771530984,0.980502257053919,1,0,0,1,1,0,0
1036,10.0,0.9366397473783029,0.9236104855418431,0,1,1,0,0,1,0
1037,16.0,0.4910462250765439,0.9684813179993794,0,1,1,0,1,0,0
1038,81.0,0.010437714029678788,0.38987478605531034,0,1,1,0,0,0,1
1039,49.0,0.8810992457620789,0.0013212022940876198,1,0,1,0,0,1,0
1040,42.0,0.731455028430609,0.6674173497883074,0,1,1,0,1,0,0
1041,63.0,0.6473025592882212,0.9791510274349658,1,0,1,0,1,0,0
1042,98.0,0.4052380596776086,0.7999879890700538,1,0,1,0,0,0,1
1043,58.0,0.6013271173602739,0.4675454663744007,0,1,1,0,0,1,0
1044,41.0,0.09371752883066452,0.7611926853436627,0,1,0,1,0,0,1
1045,82.0,0.5153141235584667,0.2778728643065189,0,1,1,0,0,0,1
1046,89.0,0.7881327544086112,0.06952326617221671,1,0,0,1,0,0,1
1047,72.0,0.6254733989779915,0.22324315126765357,1,0,1,0,0,0,1
1048,99.0,0.7090497882373021,0.6684883243751814,1,0,0,1,0,1,0
1049,46.0,0.47724804506224866,0.6392517190643485,1,0,1,0,0,1,0
1050,70.0,0.7786615744049841,0.41710956970843466,1,0,0,1,1,0,0
1051,43.0,0.9580869880623445,0.9440190573421814,0,1,1,0,1,0,0
1052,81.0,0.5903858668402018,0.01903732396480798,1,0,1,0,1,0,0
1053,56.0,0.5394646724345775,0.5290614459157833,1,0,1,0,0,1,0
1054,43.0,0.7730970694602984,0.5354872934370277,1,0,0,1,0,1,0
1055,52.0,0.08787991934881638,0.8445985847120879,0,1,1,0,0,1,0
1056,81.0,0.4269456031236331,0.9607642955089131,1,0,1,0,0,0,1
1057,83.0,0.5559938978204977,0.3491577335375191,0,1,1,0,1,0,0
1058,62.0,0.9632247671677138,0.5095136574282597,0,1,0,1,0,0,1
1059,96.0,0.14239841257987773,0.2649310872894334,1,0,0,1,0,1,0
1060,33.0,0.359503717848875,0.37726330961174664,0,1,1,0,0,1,0
1061,33.0,0.3730735995391361,0.8207068432273369,0,1,1,0,1,0,0
1062,64.0,0.04838004203249517,0.013732496571880411,1,0,0,1,1,0,0
1063,38.0,0.2754707319414959,0.49835350168653475,1,0,1,0,0,1,0
1064,64.0,0.940064222238817,0.9420472630093385,1,0,0,1,0,0,1
1065,57.0,0.7316982621590192,0.5627020588735749,0,1,0,1,1,0,0
1066,23.0,0.2826994676595154,0.7930216497012281,0,1,0,1,0,1,0
1067,77.0,0.08429115504016556,0.9602338127696204,1,0,1,0,0,1,0
1068,79.0,0.07679571567257328,0.9295258685403717,0,1,0,1,0,1,0
1069,43.0,0.9507963770976241,0.8105876347476203,0,1,1,0,0,1,0
1070,56.0,0.4881807610655344,0.38240799127205755,0,1,0,1,1,0,0
1071,45.0,0.2723833704940418,0.487013181995616,1,0,1,0,0,0,1
1072,40.0,0.7909598130940823,0.6889269235003853,0,1,0,1,0,0,1
1073,60.0,0.5435057661329037,0.008067341280565314,0,1,0,1,1,0,0
1074,46.0,0.5156128316459881,0.32353441631885016,0,1,0,1,0,1,0
1075,30.0,0.3546326423930785,0.943808866068122,1,0,0,1,0,1,0
1076,74.0,0.4961946723278961,0.3684452852095407,1,0,1,0,0,1,0
1077,97.0,0.9821223209618398,0.606441862094506,0,1,0,1,1,0,0
1078,16.0,0.2939052881999637,0.03968611436407131,1,0,1,0,1,0,0
1079,65.0,0.6324226292712588,0.011050055550551002,0,1,0,1,0,1,0
1080,45.0,0.9513724569807013,0.1270456115064709,1,0,0,1,1,0,0
1081,24.0,0.9836585339833789,0.7506530943158274,0,1,1,0,0,0,1
1082,36.0,0.7542123174413518,0.57729533875827,0,1,1,0,1,0,0
1083,13.0,0.7104046427771317,0.9912820666806794,1,0,0,1,1,0,0
1084,86.0,0.1800719033039248,0.6029386741935161,1,0,1,0,0,0,1
1085,65.0,0.569766474284434,0.9946251088490526,1,0,1,0,1,0,0
1086,54.0,0.41312822044656855,0.08156422344333343,0,1,1,0,0,1,0
1087,36.0,0.01916852470209203,0.24949704230850075,1,0,1,0,1,0,0
1088,97.0,0.605210322498053,0.7947432163268574,0,1,1,0,0,1,0
1089,89.0,0.8360156608383028,0.841535797575794,1,0,1,0,0,1,0
1090,33.0,0.6562894054642243,0.9870482138746259,1,0,1,0,0,1,0
1091,32.0,0.554022424442856,0.6211752694952406,1,0,1,0,0,0,1
1092,71.0,0.8752787053138034,0.4997547768469307,0,1,1,0,0,1,0
1093,67.0,0.3090903271920373,0.09271437007676986,1,0,0,1,0,1,0
1094,29.0,0.9002293651386325,0.429771091693441,0,1,1,0,0,0,1
1095,23.0,0.03226474071071189,0.7326867449378934,0,1,0,1,0,1,0
1096,32.0,0.6111076735974054,0.9651282667227177,1,0,1,0,0,0,1
1097,33.0,0.9146398967323468,0.9962766117166622,1,0,1,0,0,1,0
1098,73.0,0.8770560184345562,0.09538680198981073,0,1,1,0,0,1,0
1099,54.0,0.41426544480834676,0.7018687005174709,1,0,1,0,1,0,0
1100,89.0,0.32471489379860674,0.6781871503067791,1,0,0,1,0,0,1
1101,62.0,0.9274608745746076,0.24993744307319662,0,1,1,0,0,0,1
1102,77.0,0.9744049841578032,0.8036012771622176,1,0,1,0,0,0,1
1103,62.0,0.8846496047451913,0.7895685073416809,1,0,1,0,0,1,0
1104,94.0,0.8440103694378953,0.5439950354822889,1,0,1,0,1,0,0
1105,55.0,0.5605065235712685,0.7650762193596172,1,0,1,0,0,0,1
1106,18.0,0.02674077472076128,0.8419962165570669,1,0,0,1,0,0,1
1107,18.0,0.004373939852992947,0.9712438318870171,0,1,0,1,0,1,0
1108,90.0,0.9197029988158357,0.9788807815111752,1,0,1,0,1,0,0
1109,60.0,0.4753512487064873,0.8835440250628072,0,1,0,1,0,1,0
1110,70.0,0.39880303402071754,0.7573091513277082,1,0,1,0,0,1,0
1111,22.0,0.5703489550551009,0.4803871523086008,0,1,0,1,0,0,1
1112,54.0,0.8770624193221459,0.9549389944849813,1,0,0,1,0,0,1
1113,30.0,0.9462304106169387,0.3591968691509273,1,0,0,1,0,1,0
1114,30.0,0.42107598920383627,0.9248516149696223,1,0,0,1,1,0,0
1115,14.0,0.6955353809061522,0.8242800948863466,1,0,1,0,1,0,0
1116,59.0,0.5274182019906759,0.48721336416138683,0,1,1,0,0,1,0
1117,95.0,0.9404312064606292,0.1234523416308841,0,1,0,1,0,0,1
1118,51.0,0.9972284156736401,0.8885185518822128,0,1,1,0,1,0,0
1119,47.0,0.14342255459423708,0.3118437778378324,0,1,0,1,1,0,0
1120,43.0,0.9849003061757896,0.5923390285159494,0,1,0,1,0,1,0
1121,31.0,0.6226890128764521,0.0009708835039886297,1,0,0,1,0,0,1
1122,71.0,0.8401698368840478,0.18289643575653847,0,1,0,1,0,1,0
1123,77.0,0.5290568292136508,0.02967700607552873,1,0,0,1,1,0,0
1124,95.0,0.17301599155082836,0.6541752995225655,1,0,1,0,0,0,1
1125,77.0,0.2211527998549132,0.8807414747420153,0,1,0,1,0,1,0
1126,99.0,0.6805103641038223,0.3659830445705592,1,0,0,1,0,1,0
1127,44.0,0.823674749565273,0.26838422964898057,0,1,1,0,1,0,0
1128,18.0,0.7901148959322358,0.2455834809676806,1,0,0,1,1,0,0
1129,42.0,0.5420143593244929,0.6464382588155221,0,1,0,1,1,0,0
1130,21.0,0.1607369555244994,0.1377953938083656,0,1,0,1,0,0,1
1131,17.0,0.105463157557848,0.6439960363931178,0,1,1,0,0,0,1
1132,38.0,0.8282407160459583,0.8371518081454123,0,1,0,1,1,0,0
1133,11.0,0.5980242593639651,0.5198530662903241,1,0,1,0,0,1,0
1134,61.0,0.4077066686580539,0.01400274249567106,0,1,0,1,0,0,1
1135,66.0,0.8275259502651033,0.44419421673723086,0,1,0,1,1,0,0
1136,98.0,0.7746290152234442,0.8974466764755927,0,1,0,1,1,0,0
1137,14.0,0.35613471734747215,0.8537268914712388,1,0,1,0,0,1,0
1138,91.0,0.14619840617899016,0.07923210121210301,1,0,1,0,1,0,0
1139,28.0,0.8799726895462836,0.7765166301334214,0,1,1,0,0,1,0
1140,68.0,0.9154506758270479,0.8209470618262619,0,1,1,0,0,1,0
1141,36.0,0.12933633463840316,0.1095797175429641,0,1,0,1,1,0,0
1142,21.0,0.6711074602344858,0.19326587194346856,1,0,1,0,0,0,1
1143,98.0,0.30131964965808594,0.02857600416378905,0,1,0,1,0,0,1
1144,51.0,0.43630796803823463,0.06955329349708234,0,1,0,1,0,1,0
1145,82.0,0.9092418148649944,0.954748821427499,1,0,0,1,1,0,0
1146,22.0,0.8114085153141235,0.1410083175689878,1,0,0,1,0,1,0
1147,97.0,0.9403906675058941,1.0,0,1,0,1,1,0,0
1148,53.0,0.5223102936940588,0.4465964027264811,0,1,1,0,0,0,1
1149,32.0,0.5234155136178883,0.9886496712007927,1,0,0,1,0,1,0
1150,73.0,0.19174072138003134,0.24676455574572861,0,1,1,0,1,0,0
1151,67.0,0.7578288189295581,0.39383839293757317,0,1,0,1,0,0,1
1152,20.0,0.5661713090881935,0.5315336956630533,0,1,1,0,0,1,0
1153,90.0,0.4944664326786648,0.7208659880491247,0,1,0,1,0,0,1
1154,64.0,0.38494297875972133,0.05036583290794623,1,0,0,1,0,0,1
1155,11.0,0.04852086155946958,0.3575453662833178,0,1,1,0,1,0,0
1156,43.0,0.11637027001077481,0.4549640172557027,1,0,0,1,0,1,0
1157,27.0,0.8450110415310922,0.6006265701788628,1,0,1,0,1,0,0
1158,84.0,0.2790082891494287,0.8705021569628362,0,1,0,1,0,0,1
1159,77.0,0.4274064670300948,0.7463091413185999,1,0,0,1,1,0,0
1160,66.0,0.6926549814907667,0.6732626690288162,0,1,0,1,0,1,0
1161,72.0,0.4525747570329752,0.7216867349287852,0,1,1,0,1,0,0
1162,84.0,0.24513479202449406,0.14707383719184458,0,1,0,1,1,0,0
1163,63.0,0.8697270021442972,0.7993874425727412,0,1,0,1,0,0,1
1164,58.0,0.7648164545483639,0.6912890730564814,0,1,0,1,0,1,0
1165,11.0,0.1161014327320055,0.15922489465413528,0,1,0,1,1,0,0
1166,69.0,0.6810309696277883,0.24588375421633688,1,0,1,0,0,1,0
1167,32.0,0.7797518589244374,0.9108088360407971,0,1,1,0,1,0,0
1168,30.0,0.4863010337433457,0.7530853076299432,0,1,1,0,0,0,1
1169,12.0,0.5807888027139763,0.23795654045181117,1,0,1,0,1,0,0
1170,32.0,0.5031375017335736,0.6304537128787197,0,1,1,0,0,1,0
1171,22.0,0.44799385514791384,0.06580988699716742,1,0,0,1,0,1,0
1172,70.0,0.7443016098232287,0.9171846380205987,1,0,0,1,1,0,0
1173,17.0,0.26750376052145897,0.08866068121991011,1,0,0,1,0,1,0
1174,67.0,0.5665340260516124,0.9644076109259426,1,0,0,1,0,0,1
1175,88.0,0.2971099992532298,0.304697274519813,0,1,1,0,0,1,0
1176,51.0,0.10827101358054984,0.8512546417239688,1,0,1,0,0,1,0
1177,25.0,0.2267834473046929,0.46136984656036995,0,1,0,1,0,1,0
1178,40.0,0.685906312341978,0.6376602708464703,0,1,0,1,0,1,0
1179,94.0,0.5434310891110233,0.8952746999769791,0,1,0,1,0,1,0
1180,57.0,0.38922517255726125,0.042979110991001816,1,0,0,1,1,0,0
1181,94.0,0.34383647865837397,0.5414126855438449,1,0,1,0,0,0,1
1182,53.0,0.9489315851798116,0.9984786155401415,1,0,1,0,0,1,0
1183,75.0,0.6985587334777088,0.6578586513727492,0,1,0,1,0,1,0
1184,60.0,0.3083350224564473,0.9158033810767798,0,1,1,0,0,0,1
1185,56.0,0.7706305941090497,0.9609344503498183,1,0,0,1,0,1,0
1186,38.0,0.7380202054684916,0.11559519162437817,1,0,0,1,0,0,1
1187,82.0,0.01343759668007298,0.12215115755337357,0,1,1,0,0,0,1
1188,81.0,0.31458228874403915,0.8657778578506441,0,1,0,1,1,0,0
1189,53.0,0.8406797742620309,0.20428590016915393,0,1,1,0,0,1,0
1190,88.0,0.024193221460042463,0.3582259856469387,1,0,1,0,0,1,0
1191,57.0,0.06989342522163074,0.6239778198160326,1,0,1,0,0,1,0
1192,57.0,0.4100088545611658,0.8310562611976898,1,0,1,0,1,0,0
1193,82.0,0.24502811056466495,0.4890350218699016,0,1,1,0,0,1,0
1194,65.0,0.35952505414084085,0.8398142309501646,1,0,1,0,0,0,1
1195,40.0,0.8003307125254701,0.8663683952396681,0,1,1,0,0,1,0
1196,22.0,0.15657424496196803,0.48778388333383377,1,0,0,1,0,1,0
1197,28.0,0.040334126332184736,0.43225335054899955,0,1,1,0,0,1,0
1198,36.0,0.14078965616565497,0.17608023301204095,0,1,0,1,0,1,0
1199,83.0,0.09491449480994697,0.003803461149646178,1,0,0,1,1,0,0
1200,47.0,0.030643182521309625,0.8554584672051567,0,1,0,1,0,0,1
1201,40.0,0.40470251874926655,0.5691379155031078,1,0,1,0,1,0,0
1202,15.0,0.9065769119984637,0.7822818765076219,0,1,0,1,0,1,0
1203,38.0,0.31378217779532097,0.8102373159575214,0,1,1,0,0,0,1
1204,60.0,0.5185145673533396,0.42930066360387953,0,1,0,1,0,0,1
1205,15.0,0.28869496570191067,0.858821527590107,0,1,0,1,0,0,1
1206,95.0,0.2480685321697942,0.6687986067321262,1,0,1,0,0,0,1
1207,20.0,0.9963088214899131,0.06718113483269775,1,0,1,0,0,0,1
1208,50.0,0.11410862306239798,0.1013522305297821,0,1,1,0,1,0,0
1209,32.0,0.722288957402093,0.5160195778158124,0,1,0,1,0,1,0
1210,86.0,0.36965339193701524,0.523466354382488,1,0,1,0,0,1,0
1211,64.0,0.2539360124603945,0.9597934120049245,0,1,0,1,1,0,0
1212,42.0,0.49482061512529735,0.007486812999829845,1,0,0,1,0,0,1
1213,45.0,0.9999999999999999,0.7308250507962245,1,0,0,1,1,0,0
1214,85.0,0.7325559810960453,0.6995365782862405,1,0,1,0,0,1,0
1215,73.0,0.2334915774987465,0.8512045961825261,1,0,0,1,1,0,0
1216,56.0,0.8474305770400161,0.19964167392327017,0,1,1,0,0,0,1
1217,86.0,0.12878159104729187,0.09908016294828294,1,0,1,0,0,0,1
1218,57.0,0.04235894043974098,0.9131209400554504,1,0,0,1,0,1,0
1219,59.0,0.30477186169815546,0.3500085077420452,0,1,1,0,0,1,0
1220,74.0,0.8781484365832061,0.889279244112142,1,0,1,0,0,0,1
1221,85.0,0.382224735163276,0.030607853146363193,0,1,0,1,0,0,1
1222,38.0,0.07647993855147912,0.2004924481277963,1,0,1,0,1,0,0
1223,33.0,0.8757310347034788,0.6660260837361999,1,0,0,1,0,1,0
1224,52.0,0.3295283612660956,0.1882212813660431,0,1,1,0,0,0,1
1225,36.0,0.2648943320140393,0.17877268314165892,1,0,0,1,0,0,1
1226,58.0,0.03319073578202844,0.34708584812179083,1,0,0,1,0,0,1
1227,74.0,0.7924448190149033,0.06154600686624829,1,0,1,0,0,0,1
1228,52.0,0.8253987219561112,0.22310302375161398,0,1,1,0,0,1,0
1229,12.0,0.27178382068980234,0.32282376963036363,1,0,0,1,0,1,0
1230,36.0,0.04448403511953658,0.5248275931097298,0,1,0,1,1,0,0
1231,37.0,0.5228714381727598,0.6357084947302045,1,0,1,0,1,0,0
1232,42.0,0.8783084587729497,0.9458807514838503,0,1,0,1,0,0,1
1233,20.0,0.6587964197702081,0.8861864296509824,0,1,0,1,0,0,1
1234,54.0,0.38563640824861045,0.17670079772593061,1,0,1,0,1,0,0
1235,54.0,0.05570479106436092,0.7720225405118658,1,0,0,1,0,1,0
1236,29.0,0.5067049297502586,0.7413145962826172,0,1,1,0,0,1,0
1237,100.0,0.2126417529897479,0.24797565784864228,1,0,0,1,0,1,0
1238,55.0,0.7559469579781729,0.042638801309191364,0,1,0,1,1,0,0
1239,58.0,0.613064211570671,0.3504589176150297,1,0,1,0,1,0,0
1240,99.0,0.8059634936044464,0.31114314025763445,1,0,0,1,0,0,1
1241,92.0,0.7681662523869975,0.0555305327848342,1,0,1,0,0,1,0
1242,39.0,0.7159371432838686,0.3727091653404598,0,1,1,0,1,0,0
1243,61.0,0.7966992756328877,0.7241389664594781,1,0,0,1,0,0,1
1244,23.0,0.9743559106862817,0.88901900729664,1,0,1,0,0,0,1
1245,73.0,0.734307690666439,0.2791740483840294,1,0,1,0,1,0,0
1246,99.0,0.0831197926112421,0.6184427829324686,1,0,1,0,0,1,0
1247,70.0,0.7150388853921076,0.4294608093364962,0,1,1,0,0,0,1
1248,32.0,0.802893201190565,0.7033300303275981,1,0,0,1,0,1,0
1249,60.0,0.7789346789421465,0.8466804792361048,0,1,0,1,0,0,1
1250,73.0,0.3181795875694763,0.5367284228648069,1,0,0,1,0,1,0
1251,49.0,0.508759614666567,0.10653694862324715,1,0,0,1,1,0,0
1252,28.0,0.1401858391030223,0.17233682651212603,0,1,0,1,1,0,0
1253,52.0,0.6425595015842196,0.01683532014132861,1,0,1,0,1,0,0
1254,63.0,0.6631020834889104,0.9010799827843338,0,1,0,1,0,1,0
1255,18.0,0.08090721913438663,0.9904413015844418,0,1,0,1,0,1,0
1256,95.0,0.8214707106052038,0.38690208089361317,1,0,1,0,0,0,1
1257,98.0,0.773634744017837,0.2424806573982324,1,0,1,0,1,0,0
1258,44.0,0.5431025102147496,0.9874886146393218,1,0,1,0,0,0,1
1259,62.0,0.32184942978759723,0.8979070954568658,1,0,1,0,0,1,0
1260,84.0,0.624511132210333,0.3775535737521144,1,0,0,1,0,1,0
1261,83.0,0.4985267290397602,0.13841595852225527,1,0,1,0,0,1,0
1262,49.0,0.19838057543979432,0.8665485591888619,0,1,1,0,1,0,0
1263,59.0,0.32072500720099856,0.8468005885355674,1,0,0,1,0,1,0
1264,94.0,0.7630434086860044,0.9809726851434806,1,0,1,0,1,0,0
1265,29.0,0.11181497167607242,0.8092564233452442,1,0,0,1,1,0,0
1266,75.0,0.4048860108601726,0.41132430511765705,0,1,0,1,1,0,0
1267,12.0,0.3304223518994634,0.9793412004924481,1,0,1,0,0,0,1
1268,84.0,0.5830141779660112,0.7661672121630684,0,1,1,0,0,0,1
1269,75.0,0.6376841588700299,0.29372729183557034,0,1,1,0,0,1,0
1270,96.0,0.04818588177560622,0.5040687025192926,0,1,0,1,1,0,0
1271,12.0,0.26057800014935406,0.6402226025683372,0,1,1,0,1,0,0
1272,33.0,0.43617781665724314,0.1430802029847161,0,1,1,0,1,0,0
1273,52.0,0.19607625590748584,0.11599555595591989,0,1,1,0,0,1,0
1274,35.0,0.647870104654512,0.503598274429731,1,0,0,1,1,0,0
1275,72.0,0.745310816433212,0.6573982323914762,1,0,0,1,0,1,0
1276,61.0,0.4298622742353606,0.77302345134072,0,1,1,0,0,1,0
1277,77.0,0.06177496612863649,0.5182115725310031,0,1,1,0,0,0,1
1278,13.0,0.7852544886224222,0.38111681630283556,1,0,0,1,1,0,0
1279,85.0,0.37218387616416143,0.5729914221941967,0,1,0,1,0,1,0
1280,75.0,0.1773237888987273,0.47400134122051063,0,1,0,1,0,1,0
1281,45.0,0.9868035034191406,0.471499064148375,0,1,1,0,0,0,1
1282,59.0,0.150113615754718,0.0846870652293587,0,1,1,0,0,1,0
1283,45.0,0.3229930550369651,0.2071184778148115,0,1,1,0,0,1,0
1284,76.0,0.7472886906984434,0.8028305758239999,1,0,0,1,0,1,0
1285,63.0,0.4521480311936588,0.9533975918085458,1,0,1,0,0,1,0
1286,50.0,0.775156021635,0.7816713209020208,1,0,0,1,0,1,0
1287,93.0,0.623260825501136,0.0016515028676095246,0,1,1,0,0,1,0
1288,99.0,0.7539733509713346,0.4718093465053198,0,1,0,1,0,0,1
1289,82.0,0.6220531913758707,0.4392697354592679,1,0,1,0,0,1,0
1290,93.0,0.18080800537674557,0.8635758540271647,1,0,0,1,0,1,0
1291,43.0,0.9733957775478198,0.4760131719865077,0,1,1,0,0,0,1
1292,48.0,0.8415652303786124,0.7025793472059574,0,1,0,1,1,0,0
1293,46.0,0.9922037189156895,0.1354632715771352,0,1,0,1,0,0,1
1294,58.0,0.7260228084961113,0.9083265771852386,0,1,0,1,1,0,0
1295,38.0,0.8876430865079956,0.11467435366183226,1,0,1,0,1,0,0
1296,23.0,0.6058525448862241,0.2435416228768179,0,1,0,1,0,0,1
1297,90.0,0.14403490617365605,0.5524126955529531,1,0,0,1,1,0,0
1298,73.0,0.06491353467680851,0.5741825060805332,0,1,0,1,0,1,0
1299,75.0,0.7526910398241888,0.17915302925662355,1,0,0,1,1,0,0
1300,26.0,0.5076970673266692,0.39187660771301885,0,1,0,1,1,0,0
1301,66.0,0.7109209810427045,0.9301464332542614,1,0,0,1,0,0,1
1302,77.0,0.9673490724047066,0.2622986918095467,1,0,0,1,0,0,1
1303,97.0,0.6089527081088577,0.45785664955109145,0,1,0,1,0,0,1
1304,32.0,0.29549697558061383,0.6099050135623417,0,1,0,1,0,0,1
1305,35.0,0.24255523432582654,0.3805863335635428,1,0,0,1,1,0,0
1306,93.0,0.38275600883322486,0.7452381667317258,1,0,1,0,0,0,1
1307,14.0,0.09855659984851232,0.3574452752004324,1,0,1,0,0,1,0
1308,30.0,0.19281607049510868,0.08184447847541262,1,0,0,1,1,0,0
1309,67.0,0.39635576133223804,0.7379014903562241,1,0,0,1,1,0,0
1310,10.0,0.202526216968753,0.9463311613568347,1,0,0,1,0,1,0
1311,69.0,0.46664604158443307,0.4191414186910088,1,0,1,0,0,1,0
1312,56.0,0.005163382655728271,0.034081013722487466,1,0,1,0,1,0,0
1313,82.0,0.34634349296435774,0.17831226416038595,0,1,1,0,0,1,0
1314,23.0,0.16421050385653474,0.8458397141398672,1,0,1,0,1,0,0
1315,22.0,0.44735803364733245,0.6616821307389724,0,1,0,1,0,1,0
1316,62.0,0.09662779905480227,0.9447797495721106,1,0,0,1,0,0,1
1317,82.0,0.40888443197456714,0.2788837842436617,1,0,0,1,0,1,0
1318,59.0,0.3278705313803514,0.05945410323394289,1,0,0,1,1,0,0
1319,66.0,0.962422522589799,0.4491687435566365,0,1,0,1,1,0,0
1320,30.0,0.3961381311541867,0.8972965398512647,0,1,0,1,1,0,0
1321,77.0,0.7450334446376563,0.6932108218478815,0,1,1,0,0,1,0
1322,26.0,0.7487672957316747,0.7583801259145823,0,1,1,0,0,1,0
1323,31.0,0.3558573455519165,0.9726451070474131,1,0,1,0,1,0,0
1324,99.0,0.4896849696491246,0.07839133611586543,0,1,1,0,0,0,1
1325,55.0,0.9225513937932726,0.2247745448358006,0,1,0,1,0,1,0
1326,57.0,0.7773685951118554,0.3589566505520023,0,1,1,0,0,1,0
1327,10.0,0.2914878863202364,0.8287741845079022,1,0,1,0,0,1,0
1328,56.0,0.7322210013121818,0.0741975197429661,0,1,0,1,0,1,0
1329,47.0,0.6167361874179885,0.826131779919727,1,0,1,0,0,1,0
1330,78.0,0.08744892625110683,0.0721056161106607,0,1,1,0,0,0,1
1331,15.0,0.7028686644548043,0.6910388453492678,1,0,1,0,0,1,0
1332,68.0,0.029454751058813497,0.8412655516520033,0,1,0,1,0,0,1
1333,34.0,0.6486531465696576,0.4777047112872714,0,1,1,0,0,0,1
1334,46.0,0.9556589180366343,0.6800588535567366,1,0,0,1,0,1,0
1335,98.0,0.8940909139400662,0.5110650692129838,0,1,1,0,1,0,0
1336,32.0,0.37577904136040197,0.869541282567136,1,0,1,0,0,0,1
1337,28.0,0.5837054738257037,0.7288832837882473,0,1,0,1,0,0,1
1338,82.0,0.8465899271365628,0.8227987468596423,0,1,0,1,1,0,0
1339,85.0,0.7385962853515686,0.13675444654635718,1,0,0,1,0,1,0
1340,79.0,0.9847082795480971,0.8519853066290324,1,0,0,1,0,1,0
1341,92.0,0.3976018007830419,0.7334074007346685,1,0,1,0,0,0,1
1342,41.0,0.6680051633826556,0.3628401845679568,1,0,1,0,0,1,0
1343,96.0,0.9249026531679059,0.37598214375081324,1,0,0,1,0,0,1
1344,21.0,0.12679944952366728,0.19692920557707513,0,1,0,1,0,0,1
1345,76.0,0.11865325325111749,0.5968531363540822,1,0,1,0,0,1,0
1346,52.0,0.025159755486094074,0.9042428610035131,1,0,1,0,0,0,1
1347,32.0,0.08299177485944718,0.6541452721976999,0,1,0,1,0,1,0
1348,86.0,0.09273819302943341,0.34622506480897614,1,0,0,1,0,0,1
1349,75.0,0.2751848256291539,0.9743466554564654,1,0,1,0,0,0,1
1350,82.0,0.5745415364263844,0.67344283297801,1,0,1,0,1,0,0
1351,35.0,0.0014103288989406604,0.1461830265541643,1,0,1,0,0,1,0
1352,66.0,0.674030532233803,0.5723308210471529,1,0,0,1,0,1,0
1353,94.0,0.8790402935873773,0.22624588375421634,0,1,0,1,0,0,1
1354,18.0,0.4278886672285223,0.23687555675664856,0,1,0,1,0,1,0
1355,24.0,0.4890704844405091,0.4469166941917144,1,0,0,1,1,0,0
1356,46.0,0.4680329005622113,0.3912560429991292,1,0,1,0,0,1,0
1357,37.0,0.9915977682238603,0.2398482619183457,0,1,1,0,1,0,0
1358,33.0,0.15638221833427568,0.4084016454974026,1,0,1,0,0,1,0
1359,84.0,0.47122907709869105,0.626199841856089,0,1,0,1,1,0,0
1360,94.0,0.455837076074549,0.9359016705201734,0,1,1,0,0,0,1
1361,27.0,0.7780428219379752,0.21358436176921,0,1,0,1,1,0,0
1362,53.0,0.6193904221385365,0.5893863415708295,0,1,1,0,1,0,0
1363,71.0,0.49306677192570697,0.8240198580708444,0,1,0,1,0,0,1
1364,18.0,0.5995796750482733,0.2557327167722627,0,1,1,0,0,0,1
1365,40.0,0.3744327213373588,0.8886887067231181,0,1,1,0,0,1,0
1366,66.0,0.07995348688351452,0.7024592379064949,1,0,1,0,0,1,0
1367,14.0,0.6726031343012897,0.5622016034591478,0,1,1,0,0,0,1
1368,79.0,0.3822887440391734,0.9123802660420983,0,1,0,1,0,1,0
1369,71.0,0.6352368861815504,0.3785344663643916,0,1,0,1,1,0,0
1370,93.0,0.12340271184270886,0.5149085667957841,1,0,0,1,1,0,0
1371,65.0,0.715139165964347,0.00859782401985807,0,1,0,1,0,1,0
1372,63.0,0.8379572634071923,0.7119378634557447,1,0,0,1,1,0,0
1373,27.0,0.42408654000021334,0.4127055620614759,0,1,1,0,1,0,0
1374,36.0,0.7182051911198352,0.26144791760502056,1,0,1,0,1,0,0
1375,35.0,0.20376798916116368,0.2368355203234944,0,1,1,0,1,0,0
1376,24.0,0.8394508038447998,0.8812719574813079,0,1,0,1,0,1,0
1377,75.0,0.4998026392993162,0.7129888198260417,1,0,0,1,0,1,0
1378,22.0,0.3514919402157099,0.6197139396851135,1,0,0,1,0,1,0
1379,47.0,0.46670791683113394,0.055640632976008166,0,1,0,1,0,1,0
1380,73.0,0.29087766837001394,0.9419972174678958,1,0,1,0,1,0,0
1381,39.0,0.964361991529492,0.24663443733797757,1,0,0,1,0,0,1
1382,66.0,0.7906781740401334,0.7920707844138165,0,1,0,1,0,0,1
1383,16.0,0.3755379412611882,0.5741825060805332,1,0,1,0,1,0,0
1384,79.0,0.289928203377535,0.6762153559739362,1,0,1,0,1,0,0
1385,97.0,0.23858455039098753,0.9675304527119679,0,1,1,0,0,0,1
1386,74.0,0.27704321665937676,0.914071805342862,0,1,0,1,0,1,0
1387,85.0,0.9804644910760957,0.8526659259926533,0,1,1,0,0,1,0
1388,80.0,0.7245442034628801,0.3937683291795534,1,0,1,0,0,0,1
1389,36.0,0.8858465707244737,0.36166911889819736,1,0,0,1,0,0,1
1390,11.0,0.9863383722542859,0.2816262799147224,1,0,1,0,1,0,0
1391,43.0,0.12593319606985504,0.08968161026534145,1,0,0,1,0,1,0
1392,19.0,0.8214835123803833,0.29342701858691406,1,0,0,1,1,0,0
1393,49.0,0.8754429947619402,0.6818604930486742,1,0,0,1,0,0,1
1394,35.0,0.8650884922709281,0.18206567976858942,0,1,0,1,0,1,0
1395,76.0,0.7738097016119567,0.47867559479126004,0,1,1,0,0,0,1
1396,23.0,0.7047419908894033,0.6465183316818305,1,0,1,0,1,0,0
1397,44.0,0.5273221886768298,0.6918896195537939,0,1,0,1,0,1,0
1398,51.0,0.23352998282428494,0.7143100221201293,1,0,1,0,1,0,0
1399,43.0,0.40902098424314837,0.323033960904423,0,1,1,0,0,1,0
1400,95.0,0.48309418906088314,0.6380406169614349,0,1,1,0,0,0,1
1401,68.0,0.4094775808912169,0.5368885685974236,0,1,0,1,1,0,0
1402,56.0,0.10261049532201798,0.9861173668037915,1,0,0,1,0,1,0
1403,97.0,0.677179768927958,0.8741454723798656,0,1,0,1,1,0,0
1404,80.0,0.05953678910142206,0.8932228327778278,0,1,1,0,1,0,0
1405,47.0,0.8522483117658981,0.7030597844038075,1,0,1,0,1,0,0
1406,81.0,0.9009996052785986,0.03624298111281266,1,0,0,1,0,0,1
1407,35.0,0.030920554316865273,0.45179112992823467,0,1,1,0,0,0,1
1408,60.0,0.24626988275707562,0.395219649881392,1,0,1,0,0,1,0
1409,41.0,0.8425082944835016,0.4286000260236815,1,0,0,1,1,0,0
1410,99.0,0.6634327960143805,0.42026243881932557,0,1,0,1,0,1,0
1411,44.0,0.6641731653455945,0.4006946321152248,0,1,1,0,0,0,1
1412,17.0,0.4447123334435708,0.41177471499064144,0,1,1,0,0,0,1
1413,13.0,0.43398871310155007,0.5327948433074097,0,1,1,0,1,0,0
1414,18.0,0.906519304010156,0.7346685483790248,0,1,0,1,0,0,1
1415,55.0,0.1840959279686783,0.8485321642694852,0,1,0,1,0,1,0
1416,18.0,0.11811557869357885,0.6094145672562031,0,1,0,1,0,0,1
1417,54.0,0.9606580112442257,0.9199971974496792,1,0,1,0,0,0,1
1418,53.0,0.9256387552407266,0.26763354652733984,1,0,1,0,0,1,0
1419,67.0,0.4584102328856268,0.07216567076039195,0,1,0,1,0,1,0
1420,74.0,0.0,0.6720515669259025,1,0,0,1,0,1,0
1421,72.0,0.2677149898119206,0.23439329790109,1,0,0,1,0,1,0
1422,26.0,0.1287879919348816,0.7293937483109629,0,1,1,0,0,0,1
1423,100.0,0.9172919978236981,0.8339789208179443,1,0,0,1,1,0,0
1424,75.0,0.6592359473847039,0.4813480267043009,1,0,0,1,0,0,1
1425,76.0,0.8205703190842463,0.9835250077570589,0,1,1,0,0,1,0
1426,72.0,0.09699478327661436,0.21143240348717335,1,0,0,1,1,0,0
1427,12.0,0.7275632887760435,0.463271577135193,1,0,0,1,0,0,1
1428,84.0,0.7852651567684051,0.7642154360468025,1,0,1,0,0,0,1
1429,57.0,0.5233344357084182,0.6750743176290425,0,1,1,0,0,1,0
1430,46.0,0.6986760830835208,0.507121480547298,1,0,1,0,0,0,1
1431,85.0,0.6755219390422138,0.2533805763244552,1,0,1,0,0,1,0
1432,30.0,0.24253176440466412,0.6405128667087049,1,0,1,0,0,0,1
1433,56.0,0.6707148724623146,0.10166251288672691,0,1,1,0,1,0,0
1434,96.0,0.13276080949891716,0.7057422254251369,0,1,0,1,0,0,1
1435,12.0,0.22090103160971652,0.8545676565674764,1,0,1,0,1,0,0
1436,40.0,0.9983933772149737,0.4469367124082915,0,1,0,1,0,0,1
1437,76.0,0.8310699083606259,0.7032199301364241,1,0,0,1,0,1,0
1438,78.0,0.785209682409294,0.18356704601187082,0,1,0,1,1,0,0
1439,42.0,0.7201681299806906,0.4696673973315717,0,1,0,1,0,1,0
1440,86.0,0.19307850688628825,0.1079582420002202,0,1,1,0,1,0,0
1441,74.0,0.08186521864365191,0.36049805322843786,0,1,1,0,0,1,0
1442,46.0,0.3754205916553762,0.1631584742115325,1,0,0,1,1,0,0
1443,34.0,0.5382719737136882,0.9200272247745448,1,0,0,1,0,1,0
1444,87.0,0.7432860023256557,0.30746979751573933,0,1,0,1,0,1,0
1445,36.0,0.6133629196581926,0.8471308891090893,1,0,0,1,0,1,0
1446,92.0,0.7561901917065832,0.02751503868520354,0,1,1,0,0,0,1
1447,10.0,0.8833694272272421,0.16074627911399375,0,1,1,0,0,0,1
1448,23.0,0.7964176365789388,0.009198370517170625,1,0,1,0,1,0,0
1449,47.0,0.5907272475116548,0.5811388363410703,0,1,0,1,0,1,0
1450,46.0,0.09359591196645935,0.431522685643936,0,1,0,1,0,0,1
1451,29.0,0.07932833352891601,0.9320681820456616,1,0,1,0,0,0,1
1452,52.0,0.44073524862114216,0.5528230689927834,1,0,0,1,0,0,1
1453,62.0,0.2470785282225802,0.5859231901029937,1,0,0,1,1,0,0
1454,25.0,0.4021144265338127,0.21759801419291555,1,0,1,0,1,0,0
1455,16.0,0.9497999722628204,0.5235163999239307,1,0,1,0,1,0,0
1456,20.0,0.2066227850261903,0.8901200092083796,1,0,1,0,1,0,0
1457,14.0,0.3725167223188282,0.543444534526419,0,1,1,0,0,1,0
1458,35.0,0.3001482872291624,0.7865557657468296,0,1,0,1,1,0,0
1459,82.0,0.6616917545899698,0.07494820286460678,1,0,0,1,0,1,0
1460,92.0,0.3085590535220884,0.10561611066070123,1,0,1,0,0,1,0
1461,47.0,0.06601235371304821,0.9812729583921368,1,0,1,0,0,1,0
1462,20.0,0.4438588817649381,0.6429050435896666,0,1,1,0,0,1,0
1463,65.0,0.028846666737787643,0.0930546797585803,0,1,0,1,0,0,1
1464,81.0,0.02351899463392257,0.9309571710256334,0,1,0,1,0,0,1
1465,85.0,0.5517586438652826,0.8949443994034572,0,1,0,1,0,1,0
1466,31.0,0.09463072212680158,0.6417039505950415,1,0,1,0,1,0,0
1467,84.0,0.8072372702348057,0.23964807975257485,0,1,1,0,0,1,0
1468,59.0,0.49399490062622015,0.6946721516580088,1,0,0,1,0,0,1
1469,33.0,0.14528307925365652,0.3438128697114374,1,0,0,1,1,0,0
1470,75.0,0.9924768234528519,0.9818835139977379,1,0,1,0,1,0,0
1471,91.0,0.5892998495791415,0.5867839734158083,1,0,0,1,1,0,0
1472,20.0,0.13286109007115654,0.13592369055840817,0,1,0,1,0,0,1
1473,92.0,0.9431259801359121,0.3836491206998368,1,0,0,1,1,0,0
1474,32.0,0.6227274182019906,0.55943908957151,1,0,0,1,0,0,1
1475,12.0,0.7441735920714339,0.6280014813480267,1,0,1,0,0,0,1
1476,57.0,0.35713112218227594,0.7967250197679888,1,0,1,0,0,1,0
1477,59.0,0.8210589201702635,0.8532864907065429,0,1,0,1,1,0,0
1478,19.0,0.7698667548566733,0.8241099400454414,0,1,1,0,0,0,1
1479,27.0,0.6492804335534527,0.5856729623957802,1,0,1,0,0,0,1
1480,25.0,0.45839316385205414,0.1257244092123833,0,1,1,0,1,0,0
1481,82.0,0.705126044144788,0.7401335215045691,1,0,0,1,1,0,0
1482,15.0,0.584439442269328,0.5928494930386652,1,0,1,0,0,1,0
1483,74.0,0.4375241366802863,0.49605140678016996,0,1,0,1,0,0,1
1484,45.0,0.12121360828701579,0.5003653324525318,1,0,0,1,0,0,1
1485,46.0,0.4003477815590428,0.9694722197199451,0,1,1,0,0,0,1
1486,59.0,0.6421413102616895,0.8494429931237426,1,0,1,0,0,0,1
1487,64.0,0.6064008875897456,0.8397341580838563,1,0,0,1,0,0,1
1488,22.0,0.2684894972102798,0.9626560169754477,1,0,1,0,0,0,1
1489,63.0,0.9482722937580678,0.37881472139647077,1,0,0,1,1,0,0
1490,59.0,0.9601118021699008,0.48414056791680427,1,0,1,0,0,0,1
1491,44.0,0.05369917961957392,0.9700727662172577,0,1,1,0,1,0,0
1492,16.0,0.36921813158091255,0.9926232871913441,1,0,1,0,1,0,0
1493,67.0,0.5308789485475318,0.5538740253630804,0,1,1,0,1,0,0
1494,52.0,0.6788802713976337,0.5307029396751043,1,0,0,1,0,0,1
1495,25.0,0.602137896454975,0.5364181405078622,0,1,0,1,1,0,0
1496,100.0,0.4425637688426128,0.8817824220040237,1,0,0,1,0,0,1
1497,86.0,0.3445789816187845,0.24055890860683224,1,0,0,1,0,1,0
1498,48.0,0.32465301855190587,0.3058983675144381,1,0,0,1,1,0,0
1499,53.0,0.9914334787757234,0.7532254351459828,1,0,0,1,1,0,0
1500,49.0,0.996007979773195,0.3823279184057492,1,0,0,1,0,1,0
1501,91.0,0.1449545003573829,0.710226305938404,0,1,0,1,0,1,0
1502,72.0,0.18677576623958525,0.5405619113393187,0,1,1,0,1,0,0
